"Bob Smith",7777,xerwq@g.com,profile_pic.jpg
"Vincent Michael Bacay",1234,jhjjh@g.com,profile_pic.jpg
"Blah Blach",8791,ajhif@hdu.ud,profile_pic.jpg
"Asdf Ghas",67872,asdf@fsad.com,profile_pic.jpg
"Jlkj Ouo",6787112,asdewf@fsad.com,profile_pic.jpg
"Jlkjadf Ouofd",6421,321ewf@fsad.com,profile_pic.jpg
asdffasdfa,1111111,asdf@hkjha.asdf,profile_pic.jpg
fdfd,23232,asdf@hkjha.dd,profile_pic.jpg
cbvncbn,5454,aaa@hkjha.asdf,profile_pic.jpg
uiyuiuy,787878,e123@hkjha.asdf,profile_pic.jpg
fffddf,98899,asdad2f@hkjha.asdf,profile_pic.jpg
"Jlkjadf Ouofdaaa",123421,32fdf1ewf@fsad.com,profile_pic.jpg
